member_casual,mean_ride_length,median_ride_length,max_ride_length,min_ride_length
casual,40.14820324138865,23.133333333333333,1435.9166666666667,1.0166666666666666
member,11.611325088622191,8.65,1432.1333333333334,1
